1,중앙/권역,코로나19 중앙 예방접종센터,국립중앙의료원,국립중앙의료원 D동,04562,서울특별시 중구 을지로 39길 29,02-2260-7114
2,중앙/권역,코로나19 중부권역 예방접종센터,순천향대 천안병원,천안시 실내배드민턴장 1층,31212,충청남도 천안시 동남구 천안대로 357,
3,중앙/권역,코로나19 호남권역 예방접종센터,조선대병원,조선대학교병원 의성관 5층,61452,광주광역시 동구 필문대로 365,062-220-3739
4,중앙/권역,코로나19 영남권역 예방접종센터,양산 부산대병원,양산 부산대병원 기숙사동 1층,50612,경상남도 양산시 물금읍 금오로 20,055-360-6701
5,지역,코로나19 대구광역시 중구 예방접종센터,,계명대학교 대구동산병원 별관,41931,대구시 중구 달성로 56,053-661-3955
6,지역,코로나19 서울특별시 성동구 예방접종센터,,성동구청 대강당(3층),04750,서울특별시 성동구 고산자로 270,02-2286-5084
7,지역,코로나19 부산광역시 부산진구 예방접종센터,,부산시민공원 시민사랑채,47197,부산 부산진구 시민공원로 73,051-605-8633
8,지역,코로나19 인천광역시 연수구 예방접종센터,,선학경기장 선학체육관,21908,인천광역시 연수구 경원대로 526,032-749-8121
9,지역,코로나19 광주광역시 서구 예방접종센터,,염주종합체육관,62048,광주광역시 서구 금화로 278,062-350-4157
10,지역,코로나19 대전광역시 유성구 예방접종센터,,유성종합스포츠센터,34128,대전광역시 유성구 유성대로 978,042-611-2498
11,지역,코로나19 울산광역시 중구 예방접종센터,,동천체육관,44497,울산시 중구 염포로 85,052-290-4941
12,지역,코로나19 세종특별자치시 예방접종센터,,남세종종합청소년센터,30099,세종특별자치시 달빛1로 227,044-301-2868
13,지역,코로나19 경기도 수원시 예방접종센터,,아주대 실내체육관,16499,경기도 수원시 영통구 월드컵로 206,031-228-3737
14,지역,코로나19 경기도 고양시 일산동구 예방접종센터,,고양꽃전시관,10400,경기도 고양시 일산동구 호수로 595,031-8075-4830
15,지역,코로나19 강원도 원주시 예방접종센터,,치악체육관,26447,강원도 원주시 서원대로 279,033-737-4012
16,지역,코로나19 충청북도 청주시 예방접종센터,,상당구청 스포츠센터,28806,충청북도 청주시 상당구 남일면 단재로 466,043-201-4394
17,지역,코로나19 충청남도 천안시 서북구 예방접종센터,,천안시 실내테니스장,31157,충남 천안시 서북구 번영로 208,041-521-3013
18,지역,코로나19 전라북도 전주시 예방접종센터,,화산체육관,54984,전주시 완산구 백제대로 310,063-281-6621
19,지역,코로나19 전라남도 목포시 예방접종센터,,목포실내체육관,58608,전남 목포시 대양로 286,063-270-8939
20,지역,코로나19 경상북도 포항시 남구 예방접종센터,,포항종합운동장 실내체육관,37832,경북 포항시 남구 희망대로 810,054-270-4959
21,지역,코로나19 경상남도 창원시 마산구 예방접종센터,,마산체육관,51323,경남 창원시 마산회원구 삼호로 63,055-225-7671
22,지역,코로나19 제주특별자치도 제주시 예방접종센터,,한라체육관,63189,제주시 서광로2길 24,064-728-4028
23,지역,코로나19 서울특별시 중랑구 예방접종센터,,중랑문화체육관,02261,서울특별시 중랑구 사가정로72길47,02-2094-0275
24,지역,코로나19 서울특별시 성북구 예방접종센터,,성북아트홀(구청4층),02848,서울특별시 성북구 보문로 168,02-2241-4305
25,지역,코로나19 서울특별시 노원구 예방접종센터,,노원구민체육센터,01741,서울특별시 노원구 노원로22길 1,02-2116-3084
26,지역,코로나19 서울특별시 은평구 예방접종센터,,은평문화 예술회관,03381,서울특별시 은평구 녹번로 16,02-351-6187
27,지역,코로나19 서울특별시 동작구 예방접종센터,,사당종합체육관,06989,서울특별시 동작구 사당로27길 232,02-820-1965
28,지역,코로나19 서울특별시 송파구 예방접종센터,,송파구 체육문화회관,05771,서울특별시 송파구 양산로15,02-2147-2131
29,지역,코로나19 부산광역시 남구 예방접종센터,,남구국민체육센터,48563,부산광역시 남구 백운포로 110,051-607-3725
30,지역,코로나19 인천광역시 서구 예방접종센터,,인천아시아드주경기장,22717,인천광역시 서구 봉수대로 806,032-560-5053
31,지역,코로나19 광주광역시 남구 예방접종센터,,남구다목적체육관,61711,광주광역시 남구 화산로 110,062-607-4336
32,지역,코로나19 울산광역시 남구 예방접종센터,,남구국민체육센터,44766,울산광역시 남구 여천로 38,052-226-2399
33,지역,코로나19 경기도 성남시 분당구 예방접종센터,,탄천종합운동장 체육회관 이벤트홀,13495,경기도 성남시 분당구 탄천로 215,031-729-8582
34,지역,코로나19 경기도 안양시 동안구 예방접종센터,,안양종합운동장 보조경기장,13918,경기도 안양시 동안구 평촌대로 389,031-8045-4843
35,지역,코로나19 경기도 남양주시 예방접종센터,,남양주 체육문화센터,12244,경기도 남양주시 다산 지금로 91,031-590-2598
36,지역,코로나19 강원도 강릉시 예방접종센터,,강릉아레나,25472,강원도 강릉시 수리골길 102,033-660-2302
37,지역,코로나19 강원도 춘천시 예방접종센터,,봄내체육관,24243,강원도 춘천시 평화로 25,033-245-5970
38,지역,코로나19 강원도 삼척시 예방접종센터,,삼척체육관,25909,강원도 삼척시 교동 243-13,033-570-4669
39,지역,코로나19 충청북도 충주시 예방접종센터,,충주체육관,27371,충청북도 충주시 예성로 266,043-850-0002
40,지역,코로나19 충청북도 음성군 예방접종센터,,음성실내체육관,27704,충청북도 음성군 설성로 47,043-871-4392
41,지역,코로나19 충청남도 아산시 예방접종센터,,이순신종합운동장 복합스포츠센터,31528,충청남도 아산시 남부로 370-24,041-537-3413
42,지역,코로나19 충청남도 논산시 예방접종센터,,시민운동장,32993,충청남도 논산시 체육로 110,041-746-8032
43,지역,코로나19 전라북도 군산시 예방접종센터,,월명종합경기장 월명체육관,54078,전라북도 군산시 번영로 281,063-460-0024
44,지역,코로나19 전라북도 정읍시 예방접종센터,,정읍실내체육관,56158,전라북도 정읍시 서부로 9,063-539-6103
45,지역,코로나19 전라북도 남원시 예방접종센터,,춘향골 체육관,55766,전라북도 남원시 충정로 341,063-620-7939
46,지역,코로나19 전라남도 여수시 예방접종센터,,흥국체육관,59676,전라남도 여수시 선소로 93,061-659-4269
47,지역,코로나19 전라남도 순천시 예방접종센터,,순천대학교 국제문화컨벤션관,57922,전라남도 순천시 중앙로 235,061-749-3588
48,지역,코로나19 경상남도 진주시 예방접종센터,,진주종합실내체육관(초전동),52733,경상남도 진주시 남강로 1655,055-749-6616
49,지역,코로나19 경상남도 통영시 예방접종센터,,충무체육관,53047,경상남도 통영시 북문2길 34,055-650-6053
50,지역,코로나19 서울특별시 중구 예방접종센터 ,,충무스포츠센터,04569,서울특별시 중구퇴계로 387,02-3396-4503
51,지역,코로나19 부산광역시 금정구  예방접종센터 ,,금정문화회관 생활문화관,46251,부산광역시 금정구 체육공원로 7,051-519-5798
52,지역,코로나19 부산광역시 북구  예방접종센터 ,,북구문화예술회관,46547,부산광역시 북구 금곡대로 46번길 50,051-309-7023
53,지역,코로나19 인천광역시 부평구 예방접종센터 ,,삼산월드체육관,21343,인천광역시 부평구 체육관로 60,032-509-8251
54,지역,코로나19 대구광역시 동구 예방접종센터 ,,아양아트센터,41179,대구광역시 동구 효동로2길 24,053-662-3236
55,지역,코로나19 대구광역시 달서구 예방접종센터 ,,성서산업단지 다목적체육관,42718,대구광역시 달서구 성서공단로22길 25,053-667-2225
56,지역,코로나19 울산광역시 북구 예방접종센터 ,,오토밸리복지센터,44248,울산광역시 북구 산업로 1020,052-241-8241
57,지역,코로나19 경기도 안산시 단원구 예방접종센터 ,,올림픽기념관 체육관,15335,경기 안산시 단원구 적금로202,031-369-1702
58,지역,코로나19 경기도 용인시 처인구 예방접종센터 ,,용인미르스타디움,16997,경기 용인시 처인구 동백죽전대로 61,031-324-2716
59,지역,코로나19 경기도 화성시 예방접종센터 ,,동탄나래울 종합사회복지관,18427,경기 화성시 여울로2길 33,031-5189-6936
60,지역,코로나19 경기도 시흥시 예방접종센터 ,,정왕평생학습관,15055,경기 시흥시 정왕대로 233번길 21,031-310-5851
61,지역,코로나19 충청남도 서산시 예방접종센터 ,,서산시민체육관,31963,충남 서산시 안견로 661,041-661-8245
62,지역,코로나19 전라남도 광양시 예방접종센터 ,,광양실내체육관,57728,전남 광양시 광양읍 매천로 695-20,061-797-3789
63,지역,코로나19 전라남도 구례군 예방접종센터 ,,구례실내체육관,57635,전남 구례군 구례읍 서시천로 76-11,061-780-2012
64,지역,코로나19 전라남도 해남군 예방접종센터 ,,건강누리센터,59038,전남 해남군 해남로 46,061-531-3752
65,지역,코로나19 전라남도 영광군 예방접종센터 ,,영광스포티움 실내보조체육관,57035,전남 영광군 영광읍 월현로 170,061-350-5562
66,지역,코로나19 경상북도 포항시 북구 예방접종센터 ,,양덕한마음체육관,37598,경북 포항시 북구 새천년대로1460,054-270-4132
67,지역,코로나19 경상북도 안동시 예방접종센터 ,,안동체육관 실내보조경기장,36709,경북 안동시 육사로 205,054-840-5950
68,지역,코로나19 경상북도 영천시 예방접종센터 ,,영천 생활체육관,38839,경북 영천시 운동장로 55,054-339-7781
69,지역,코로나19 경상북도 고령군 예방접종센터 ,,주산체육관,40136,경북 고령군 대가야읍 주산순환길 91,054-950-7950
70,지역,코로나19 경상북도 칠곡군 예방접종센터 ,,교육문화회관 사회교육관,39872,경북 칠곡군 왜관읍 관문로 1길 32,054-979-8255
71,지역,코로나19 서울특별시 구로구 예방접종센터,,구로구민회관,08301,서울특별시 구로구 가마산로25길 21,02-860-3304 
72,지역,코로나19 서울특별시 용산구 예방접종센터,,용산구 종합행정타운 전시실,04390,서울특별시 용산구 녹사평대로 150,02-2199-8200
73,지역,코로나19 서울특별시 광진구 예방접종센터,,자양체육관,05110,서울특별시 광진구 뚝섬로52길 66,02-450-7102
74,지역,코로나19 서울특별시 강북구 예방접종센터,,강북구 문화예술회관,01036,서울특별시 강북구 삼각산로 85,02-901-6328
75,지역,코로나19 서울특별시 도봉구 예방접종센터,,창동문화체육센터,01412,서울특별시 도봉구 노해로69길 132,02-2091-2102
76,지역,코로나19 서울특별시 양천구 예방접종센터,,해누리타운,08094,서울특별시 양천구 목동동로 81,02-2620-3058
77,지역,코로나19 서울특별시 강서구 예방접종센터,,(舊) 염강초등학교,07531,서울특별시 강서구 허준로 221-22(가양동),02-2600-6119
78,지역,코로나19 서울특별시 금천구 예방접종센터,,금나래문화체육센터,08608,서울특별시 금천구 독산동 1148,02-2627-2692
79,지역,코로나19 서울특별시 영등포구 예방접종센터,,영등포 아트홀,07258,서울특별시 영등포구 국회대로 596,02-2670-3316
80,지역,코로나19 서울특별시 관악구 예방접종센터,,관악구민종합체육센터,08799,서울특별시 관악구 낙성대로3길 37,02-879-5154
81,지역,코로나19 서울특별시 강동구 예방접종센터,,강동구민회관,05314,서울특별시 강동구 상암로 168,02-3425-5093
82,지역,코로나19 서울특별시 서초구 예방접종센터,,서초문화예술회관,06749,서울특별시 서초구 강남대로 201,02-2155-6142
83,지역,코로나19 서울특별시 종로구 예방접종센터,,종로구민회관,03104,서울특별시 종로구 지봉로5길 7-5,02-2148-1312
84,지역,코로나19 서울특별시 동대문구 예방접종센터,,동대문구체육관,02609,서울특별시 동대문구 답십리로 210-3,02-2127-4025
85,지역,코로나19 서울특별시 서대문구 예방접종센터,,북아현문화체육센터,03770,서울특별시 서대문구 북아현로 51,02-330-1065
86,지역,코로나19 서울특별시 마포구 예방접종센터,,마포구민체육센터,03954,서울특별시 마포구 월드컵로25길 190,02-3153-6332
87,지역,코로나19 서울특별시 강남구 예방접종센터,,일원에코센터,135-230,서울특별시 강남구 일원동 4-12,02-3423-5162
88,지역,코로나19 대구광역시 북구 예방접종센터,,대구복합스포츠타운 시민체육관,41594,대구광역시 북구 고성로 191 (고성동3가),053-665-0697
89,지역,코로나19 대구광역시 서구 예방접종센터,,서구국민체육센터,41759,대구광역시 서구 문화로 72 (이현동),053-663-3222
90,지역,코로나19 인천광역시 동구 예방접종센터,,송림체육관,22534,인천광역시 동구 염전로 30,032-770-5774
91,지역,코로나19 인천광역시 강화군 예방접종센터,,강화문예회관,23028,인천광역시 강화군 강화읍 고비고개로19번길 12,032-930-4045
92,지역,코로나19 광주광역시 동구 예방접종센터,,동구문화센터,61498,"광주광역시 동구 남문로 646, 4층",062-608-3394
93,지역,코로나19 광주광역시 북구 예방접종센터,,전남대학교 스포츠센터,61186,"광주광역시 북구 우치로 91, 전남대학교",062-410-8118
94,지역,코로나19 광주광역시 광산구 예방접종센터,,광주보훈병원 재활체육관,62284,"광주광역시 광산구 첨단월봉로 99, 광주보훈병원",062-960-6862
95,지역,코로나19 대전광역시 동구 예방접종센터,,동구 국민체육센터,34593,대전광역시 동구 가양로 9,042-251-4953
96,지역,코로나19 대전광역시 중구 예방접종센터,,한밭체육관,35021,대전광역시 중구 대종로 373(부사동),042-288-8012
97,지역,코로나19 대전광역시 서구 예방접종센터,,도솔다목적체육관,35344,대전광역시 서구 배재로197번길 41(도마동),042-288-2611
98,지역,코로나19 대전광역시 대덕구 예방접종센터,,청소년어울림센터,34411,대전광역시 대덕구 쌍청당로 25,042-608-5431
99,지역,코로나19 울산광역시 동구 예방접종센터,,전하체육센터,44020,울산광역시 동구 봉수로 285,052-209-4101
100,지역,코로나19 울산광역시 울주군 예방접종센터,,울주군 국민체육센터,44920,울산광역시 울주군 범서읍 구영로 101-16,052-204-2743
101,지역,코로나19 경기도 광명시 예방접종센터,,광명시민체육관,14259,경기도 광명시 오리로 703(하안동),02-2680-0959
102,지역,코로나19 경기도 의정부시 예방접종센터,,의정부역 앞 시민공원,480-010,경기도 의정부시 의정부동 161-10,031-870-6547
103,지역,코로나19 경기도 평택시 송탄 예방접종센터,,이충문화체육센터,17731,경기도 평택시 장안웃길 149,031-8024-7242
104,지역,코로나19 경기도 이천시 예방접종센터,,이천시종합운동장 배드민턴장,17321,경기도 이천시 부발읍 중부대로 1696,031-645-3401
105,지역,코로나19 경기도 여주시 예방접종센터,,여주시 실내체육관,12625,경기도 여주시 영릉로 123,031-887-3277
106,지역,코로나19 경기도 파주시 예방접종센터,,시민회관 대공연장,10932,경기도 파주시 시민회관길 33,031-940-5597
107,지역,코로나19 경기도 부천시 예방접종센터,,부천체육관,14509,경기도 부천시 석천로 293,032-625-4493
108,지역,코로나19 경기도 양평군 예방접종센터,,물맑은실내체육관,12546,경기도 양평군 양평읍 마유산로 11,031-770-3944
109,지역,코로나19 경기도 하남시 예방접종센터,,하남종합운동장 제2체육관,12912,경기도 하남시 아리수로 600,031-790-5923
110,지역,코로나19 경기도 의왕시 예방접종센터,,의왕시청소년수련관 다목적체육관,16077,경기도 의왕시 문화공원로 33,031-345-2071
111,지역,코로나19 경기도 김포시 예방접종센터,,김포시민회관 실내체육관,10110,경기도 김포시 사우중로26,031-5186-8300
112,지역,코로나19 경기도 광주시 예방접종센터,,시민체육관,12794,경기도 광주시 오포읍 청석로 85,031-760-8755
113,지역,코로나19 경기도 안양시 만안구 예방접종센터,,안양아트센터,14093,경기도 안양시 만안구 문예로36번길 16,031-8045-3110
114,지역,코로나19 경기도 군포시 예방접종센터,,시민체육광장,15862,경기도 군포시 산본로 267,031-389-4940
115,지역,코로나19 경기도 포천시 예방접종센터,,포천종합운동장,11154,경기도 포천시 군내면 호국로 1518,031-538-3611
116,지역,코로나19 경기도 구리시 예방접종센터,,인창도서관대강당,11922,경기도 구리시 건원대로34번길 90,031-550-8666
117,지역,코로나19 경기도 고양시 덕양구 예방접종센터,,고양어울림누리 체육관,10471,경기도 고양시 덕양구 어울림로 33,031-8075-4825
118,지역,코로나19 강원도 동해시 예방접종센터,,동해체육관,25750,강원도 동해시 덕골길 10,033-539-8346
119,지역,코로나19 강원도 태백시 예방접종센터,,문화예술회관,26009,강원도 태백시 고원로 203,033-550-3121
120,지역,코로나19 강원도 속초시 예방접종센터,,속초시생활체육관,24855,강원도 속초시 동해대로 4229,033-639-2131
121,지역,코로나19 강원도 영월군 예방접종센터,,스포츠파크 실내체육관,26237,강원도 영월군 영월읍 제방안길 100,033-370-2517
122,지역,코로나19 강원도 평창군 예방접종센터,,평창읍 생활체육관,25377,강원 평창군 평창읍 산책길 38,033-330-4835
123,지역,코로나19 강원도 정선군 예방접종센터,,정선종합경기장 실내체육관,26125,강원도 정선군 정선읍 애산로 60,033-560-4024
124,지역,코로나19 강원도 인제군 예방접종센터,,인제체육관,24624,강원도 인제군 인제읍 비봉로44번길 113,033-460-2513
125,지역,코로나19 충청북도 고성군 예방접종센터,,고성생활체육관,24728,강원도 고성군 간성읍 수성로 87,033-680-3957
126,지역,코로나19 충청북도 청주시 서원구 예방접종센터,,청주체육관,28559,충청북도 청주시 서원구 사직대로 229,043-201-3253
127,지역,코로나19 충청북도 제천시 예방접종센터,,제천체육관,27182,충청북도 제천시 숭의로 85(화산동),043-641-3902
128,지역,코로나19 충청북도 옥천군 예방접종센터,,옥천체육센터,29039,충청북도 옥천군 옥천읍 관성로 53,043-730-2192
129,지역,코로나19 충청남도 공주시 예방접종센터,,백제체육관,32535,충청남도 공주시 고마나루길 51-14,041-840-8791
130,지역,코로나19 충청남도 보령시 예방접종센터,,보령종합체육관,33494,충청남도 보령시 보령남로 339,041-930-5901
131,지역,코로나19 충청남도 부여군 예방접종센터,,부여국민체육센터,33117,충청남도 부여군 규암면 호수로 82,041-830-8682
132,지역,코로나19 충청남도 서천군 예방접종센터,,서천국민체육센터,33651,충청남도 서천군 마서면 마서로 400,041-950-4046
133,지역,코로나19 충청남도 예산군 예방접종센터,,윤봉길체육관,32438,충청남도 예산군 예산읍 예산로 352,041-339-6082
134,지역,코로나19 충청남도 태안군 예방접종센터,,태안군민체육관,32140,충청남도 태안군 태안읍 백화로 200,041-671-5349
135,지역,코로나19 전라북도 익산시 예방접종센터,,익산실내체육관,54582,전라북도 익산시 무왕로 1397,063-859-7481
136,지역,코로나19 충청남도 당진시 예방접종센터,,송악문화스포츠센터,31732,충청남도 당진시 송악읍 틀모시로 830,041-360-6120
137,지역,코로나19 전라북도 진안군 예방접종센터,,전통문화전수관,55432,전라북도 진안군 진안읍 우화2길 35번지,063-430-8503
138,지역,코로나19 전라북도 고창군 예방접종센터,,청소년수련관체육관,56450,전라북도 고창군 고창읍 운동장길 36,063-560-8564
139,지역,코로나19 전라남도 나주시 예방접종센터,,나주종합스포츠파크(다목적체육관),58253,전라남도 나주시 영산강변로 99(송월동),061-339-2157
140,지역,코로나19 전라남도 담양군 예방접종센터,,담양문화회관,57344,전라남도 담양군 담양읍 지침6길 29,061-380-3961
141,지역,코로나19 전라남도 곡성군 예방접종센터,,곡성문화체육관,57535,전라남도 곡성군 곡성읍 곡성로 855,061-380-8981
142,지역,코로나19 전라남도 고흥군 예방접종센터,,팔영체육관,59536,전라남도 고흥군 고흥읍 고흥로 1892-67,061-830-6626
143,지역,코로나19 전라남도 보성군 예방접종센터,,다향체육관,59451,전라남도 보성군 보성읍 용문길 18,061-850-5683
144,지역,코로나19 전라남도 장흥군 예방접종센터,,장흥군 실내체육관,59333,전라남도 장흥군 장흥읍 읍성로 5-28,061-860-6476
145,지역,코로나19 전라남도 화순군 예방접종센터,,이용대체육관,58149,전라남도 화순군 화순읍 학포로 2698,061-379-5992
146,지역,코로나19 전라남도 강진군 예방접종센터,,제2실내체육관,59223,전라남도 강진군 강진읍 종합운동장길 60,061-430-3595
147,지역,코로나19 전라남도 영암군 예방접종센터,,영암실내체육관,58418,전라남도 영암군 영암읍 영암로 1527,061-470-6578
148,지역,코로나19 전라남도 무안군 예방접종센터,,무안종합스포츠파크 실내체육관,58517,전라남도 무안군 현경면 공항로 345,061-450-5110
149,지역,코로나19 전라남도 함평군 예방접종센터,,문화체육센터,57145,전라남도 함평군 대동면 함장로 1377,061-320-2419
150,지역,코로나19 전라남도 장성군 예방접종센터,,군민회관,57220,전라남도 장성군 장성읍 청운7길 10,061-390-8332
151,지역,코로나19 전라남도 완도군 예방접종센터,,농어민문화체육센터,59109,전라남도 완도군 완도읍 개포로 111,061-550-6761
152,지역,코로나19 전라남도 진도군 예방접종센터,,진도군 실내체육관,58927,전라남도 진도군 진도읍 공설운동장길 57,061-540-6043
153,지역,코로나19 전라남도 신안군 예방접종센터,,신안군민체육관,58821,전라남도 신안군 압해읍 복룡로 120,061-240-8816
154,지역,코로나19 경상북도 경주시 예방접종센터,,경주실내체육관,38089,경상북도 경주시 황성공원로 29,054-760-2721
155,지역,코로나19 경상북도 문경시 예방접종센터,,온누리스포츠센터,36975,경상북도 문경시 점고길21,054-550-8278
156,지역,코로나19 경상북도 경산시 예방접종센터,,경산실내체육관,38637,경상북도 경산시 남매로 100,053-810-6317
157,지역,코로나19 경상북도 의성군 예방접종센터,,의성실내체육관,37331,경상북도 의성군 의성읍 충효로 88,054-830-6678
158,지역,코로나19 경상북도 청송군 예방접종센터,,청송군보건의료원,37433,경상북도 청송군 청송읍 의료원길 19,054-870-7220
159,지역,코로나19 경상북도 봉화군 예방접종센터,,봉화군민회관,36238,경상북도 봉화군 봉화읍 내성로 4길 6-44 ,054-679-6741
160,지역,코로나19 경상남도 창원시 예방접종센터,,창원축구센터 체육관,51460,경상남도 창원시 성산구 비음로 97,055-225-5713
161,지역,코로나19 경상남도 사천시 예방접종센터,,민방위교육장,52539,경상남도 사천시 용현면 시청로77,055-831-3624
162,지역,코로나19 경상남도 김해시 예방접종센터,,문화체육관,50918,경상남도 김해시 가야의길 98-19,055-350-0487
163,지역,코로나19 경상남도 밀양시 예방접종센터,,밀양문화체육회관,50436,경상남도 밀양시 삼문송림길 25,055-359-6101
164,지역,코로나19 경상남도 거제시 예방접종센터,,거제시체육관,53257,경상남도 거제시 계룡로11길 35,055-639-6155
165,지역,코로나19 경상남도 양산시 예방접종센터,,양산시 종합운동장 실내체육관,50619,경상남도 양산시 양산대로 849,055-392-8721
166,지역,코로나19 경상남도 의령군 예방접종센터,,국민체육센터,52151,경상남도 의령군 의령읍 의병로8길 44,055-570-2872
167,지역,코로나19 경상남도 함안군 예방접종센터,,함안체육관,52036,경상남도 함안군 가야읍 함안대로 619-4,055-580-3335
168,지역,코로나19 경상남도 창녕군 예방접종센터,,창녕문화예술회관,50317,경상남도 창녕군 창녕읍 우포2로 1189-25,055-530-6277
169,지역,코로나19 경상남도 고성군 예방접종센터,,고성군 실내체육관,52931,경상남도 고성군 고성읍 송학고분로 179,055-670-4080
170,지역,코로나19 경상남도 남해군 예방접종센터,,남해문화센터,52413,경상남도 남해군 남해읍 선소로12,055-860-8776
171,지역,코로나19 경상남도 하동군 예방접종센터,,하동군보건소,52333,경상남도 하동군 군청로31,055-880-6912
172,지역,코로나19 경상남도 산청군 예방접종센터,,산청군 실내체육관,52215,경남 산청군 금서면 친환경로2631번길 39,055-970-7548
173,지역,코로나19 경상남도 함양군 예방접종센터,,한들생태주차창,676-805,경상남도 함양군 함양읍 용평리 637-1,055-960-8051
174,지역,코로나19 경상남도 거창군 예방접종센터,,거창군 스포츠파크 실내체육관,50126,경상남도 거창군 거창읍 양평리 1160,055-940-8333
175,지역,코로나19 경상남도 합천군 예방접종센터,,합천체육관,50229,경상남도 합천군 합천읍 장수로 1,055-930-3693
176,지역,코로나19 부산광역시 영도구 예방접종센터,,부산국제크루즈터미널,49111,부산광역시 영도구 해양로301번길 17(동삼동),051-419-6262
177,지역,코로나19 부산광역시 사하구 예방접종센터,,부산교통공사 신평체육관,49431,부산광역시 사하구 하신번영로 175,051-220-0131
178,지역,코로나19 부산광역시 기장군 예방접종센터,,기장체육관 보조경기장,46077,부산광역시 기장군 기장대로 650,051-709-8636
179,지역,코로나19 대구광역시 수성구 예방접종센터,,대구육상진흥센터,42250,대구광역시 수성구 미술관로 88 (삼덕동),053-666-3117
180,지역,코로나19 대구광역시 달성군 예방접종센터,,농협달성유통센터,42945,대구광역시 달성군 화원읍 성천로 9,053-668-3133
181,지역,코로나19 인천광역시 계양구 예방접종센터,,계양아시아드양궁장,21072,인천광역시 계양구 봉오대로 855,032-430-7972
182,지역,코로나19 경기도 남양주시 예방접종센터,,진접체육문화센터,12009,경기도 남양주시 진접읍 금강로 1509-24,031-579-6763
183,지역,코로나19 경기도 수원시 권선구 예방접종센터,,정현 중보들 테니스 센터,16648,경기도 수원시 권선구 오목천로 270,031-228-3701
184,지역,코로나19 경기도 연천군 예방접종센터,,연천군보건의료원 대회의실,11027,경기도 연천군 전곡읍 은대성로95,031-839-4067
185,지역,코로나19 강원도 양양군 예방접종센터,,일출예식장,25024,강원도 양양군 양양읍 양양로 114-5,033-670-2221
186,지역,코로나19 충청북도 영동군 예방접종센터,,영동군보건소,29150,충청북도 영동군 반곡동길 7,043-740-5590 
187,지역,코로나19 충청북도 단양군 예방접종센터,,다목적체육관,27010,충청북도 단양군 단양읍 별곡3로19,043-420-2872 
188,지역,코로나19 충청남도 계룡시 예방접종센터,,계룡시민체육관,32829,충청남도 계룡시 엄사면 문화1로51,042-840-3523
189,지역,코로나19 충청남도 금산군 예방접종센터,,금산종합체육관,32745,충청남도 금산군 금산읍 사직로 20,041-750-4332
190,지역,코로나19 충청남도 청양군 예방접종센터,,청양다목적체육관,33340,충청남도 청양군 청양읍 충절로 1199,041-940-4807
191,지역,코로나19 충청남도 홍성군 예방접종센터,,홍주문화체육센터,32216,충청남도 홍성군 홍성읍 홍덕서로 78,041-630-9042
192,지역,코로나19 전라북도 김제시 예방접종센터,,김제시체육관,54368,전라북도 김제시 도작로 224-98,063-540-1320
193,지역,코로나19 전라북도 완주군 예방접종센터,,문화체육센터,55333,전라북도 완주군 삼례읍 삼봉로 215,063-290-3021
194,지역,코로나19 전라북도 장수군 예방접종센터,,한누리전당 산디관,55638,전라북도 장수군 장수읍 한누리로 393,063-350-2660
195,지역,코로나19 전라북도 임실군 예방접종센터,,군민회관,55927,전라북도 임실군 임실읍 호국로 1703,063-640-3174
196,지역,코로나19 전라북도 순창군 예방접종센터,,장애인체육관,56033,전라북도 순창군 장류로 407-11,063-650-5211
197,지역,코로나19 전라북도 부안군 예방접종센터,,예술회관,56311,전라북도 부안군 부안읍 예술회관길 11,063-580-3046
198,지역,코로나19 경상북도 김천시 예방접종센터,,국민체육센터,39524,경상북도 김천시 운동장길 1,054-421-2715
199,지역,코로나19 경상북도 영주시 예방접종센터,,영주국민체육센터,36140,경상북도 영주시 가흥로109,054-639-5776
200,지역,코로나19 경상북도 상주시 예방접종센터,,상주시 실내체육관 구관,37159,경상북도 상주시 북상주로 24-7,054-537-6582
201,지역,코로나19 경상북도 영덕군 예방접종센터,,영덕국민체육센터,36427,경상북도 영덕군 영덕읍 강변길 290,054-730-6853
202,지역,코로나19 경상북도 예천군 예방접종센터,,국민체육센터,36826,경상북도 예천군 예천읍 충효로 111 ,054-650-8051
203,지역,코로나19 경상남도 창원시 진해구 예방접종센터,,진해종합사회복지관,51629,경상남도 창원시 진해구 진해대로 1101,055-225-6492
204,지역,코로나19 제주특별자치도 서귀포시 예방접종센터,,서귀포의료원((舊)건강증진센터),63585,제주특별자치도 서귀포시 장수로 47,064-760-6085
205,지역,코로나19 서울특별시 강남구 예방접종센터,,강남관광정보센터,06001,서울특별시 강남구 압구정로 161,02-3423-5162
206,지역,코로나19 부산광역시 서구 예방접종센터,,서구가족센터,49252,부산광역시 서구 구덕로 127,051-290-5322
207,지역,코로나19 부산광역시 해운대구 예방접종센터,,해운대구 문화복합센터,48049,부산광역시 해운대구 센텀중앙로 170,051-749-1657
208,지역,코로나19 부산광역시 사상구 예방접종센터,,보훈병원 체육관,46996,부산광역시 사상구 백양대로 420(주례동),070-8826-0939
209,지역,코로나19 부산광역시 중구 예방접종센터,,가톨릭센터,48968,부산광역시 중구 중구로 71,051-600-4102
210,지역,코로나19 부산광역시 동구 예방접종센터,,부산진역 공터,601-030,부산광역시 동구 수정동 79-711,051-440-6460
211,지역,코로나19 부산광역시 동래구 예방접종센터,,사직실내체육관,47874,부산광역시 동래구 사직로 55-32,051-550-4981
212,지역,코로나19 부산광역시 강서구 예방접종센터,,강서체육공원,46703,부산광역시 강서구 체육공원로 43,051-970-2806
213,지역,코로나19 부산광역시 연제구 예방접종센터,,연제구 국민체육센터,47579,부산광역시 연제구 쌍미천로 132,051-665-5372
214,지역,코로나19 부산광역시 수영구 예방접종센터,,수영구 국민체육센터,48264,부산광역시 수영구 수영로521번길 77,051-610-5603
215,지역,코로나19 대구광역시 남구 예방접종센터,,대덕문화전당,42501,대구광역시 남구 앞산순환로 478,053-664-3497
216,지역,코로나19 대구광역시 달서구 예방접종센터,,월배국민체육센터,42829,대구광역시 달서구 갈밭남로 76,053-667-2225
217,지역,코로나19 인천광역시 중구 예방접종센터,,하늘문화센터,22379,인천광역시 중구 영종해안북로 1000-26,032-760-6022
218,지역,코로나19 인천광역시 미추홀구 예방접종센터,,인천대학교 제물포캠퍼스 예체능관,22100,인천광역시 미추홀구 석정로 165,032-880-5702
219,지역,코로나19 인천광역시 남동구 예방접종센터,,길병원,21565,인천광역시 남동구 독점로29번길 16,032-453-5658
220,지역,코로나19 인천광역시 서구 예방접종센터,,검단복지회관,22633,인천광역시 서구 완정로92번길 18,032-560-5053
221,지역,코로나19 인천광역시 옹진군 예방접종센터,,옹진국민체육센터,23119,인천광역시 옹진군 영흥면 영흥로 348번길 175-29,032-899-3130
222,지역,코로나19 경기도 동두천시 예방접종센터,,동두천시 시민회관,11340,경기도 동두천시 어수로4(상패동),031-860-2634
223,지역,코로나19 경기도 오산시 예방접종센터,,오산스포츠센터,18131,경기도 오산시 경기동로 33,031-8036-6057
224,지역,코로나19 경기도 양주시 예방접종센터,,경기섬유종합지원센터 ,11497,경기도 양주시 평화로1215,031-8082-7157
225,지역,코로나19 경기도 수원시 장안구 예방접종센터,,수원종합운동장 국민체육센터,16308,경기도 수원시 장안구 경수대로 893,031-228-3737
226,지역,코로나19 경기도 수원시 팔달구 예방접종센터,,청소년문화센터 꿈의 체육관,16486,경기도 수원시 팔달구 권광로 293,031-228-3701
227,지역,코로나19 경기도 화성시 예방접종센터,,화성종합경기타운,18588,경기도 화성시 향남읍 향남로 470,031-5189-6205
228,지역,코로나19 경기도 성남시 수정구 예방접종센터,,수정커뮤니티센터,13327,경기도 성남시 수정구 탄리로 59,031-729-3843
229,지역,코로나19 경기도 성남시 중원구 예방접종센터,,성남종합스포츠센터 다목적체육관,13363,경기도 성남시 중원구 제일로 60,031-729-3901
230,지역,코로나19 경기도 안산시 상록구 예방접종센터,,감골시민홀체육관,15620,경기도 안산시 상록구 석호로226,031-369-1734
231,지역,코로나19 경기도 안성시 예방접종센터,,경기도의료원 안성병원,17568,경기도 안성시 남파로 95,031-678-5913
232,지역,코로나19 경기도 용인시 수지구 예방접종센터,,수지구청 대회의실,16835,경기도 용인시 수지구 포은대로 435,031-324-8477
233,지역,코로나19 경기도 용인시 기흥구 예방접종센터,,(舊)경찰대 실내체육관,16912,경기도 용인시 기흥구 언남로 74,031-324-6083
234,지역,코로나19 경기도 고양시 일산서구 예방접종센터,,고양체육관,10223,경기도 고양시 일산서구 중앙로 1601,031-8075-9441
235,지역,코로나19 경기도 시흥시 예방접종센터,,시흥시체육관,14902,경기도 시흥시 서해안로 1589,031-310-5851
236,지역,코로나19 경기도 김포시 예방접종센터,,김포생활체육관,10068,경기도 김포시 김포한강8로 198-3,031-5186-8300
237,지역,코로나19 경기도 평택시 예방접종센터,,평택시청소년문화센터 실내체육관,17903,경기도 평택시 평남로 616,031-8024-4336
238,지역,코로나19 경기도 과천시 예방접종센터,,청소년수련관 실내체육관,13828,경기도 과천시 참마을로9,02-2150-3155
239,지역,코로나19 경기도 가평군 예방접종센터,,가평체육관,12416,경기도 가평군 가평읍 문화로 131,031-580-4371
240,지역,코로나19 강원도 홍천군 예방접종센터,,홍천군민스포츠센터,25126,강원도 홍천군 홍천읍 태학리 310-3,033-430-4028
241,지역,코로나19 강원도 횡성군 예방접종센터,,횡성농민문화체육센터,25216,강원도 횡성군  문화체육로 57,033-340-5648
242,지역,코로나19 강원도 철원군 예방접종센터,,갈말게이트볼장,24032,강원도 철원군 갈말읍 갈말로53-1,033-450-4115
243,지역,코로나19 강원도 화천군 예방접종센터,,화천체육관,24140,강원도 화천군 하남면 춘화로 3351,033-440-2813
244,지역,코로나19 강원도 양구군 예방접종센터,,양구문예회관,24521,강원도 양구군 양구읍 비봉로73번길 52-1,033-480-2806
245,지역,코로나19 충청북도 청주시 청원구 예방접종센터,,청주시장애인스포츠센터,28353,충청북도 청주시 청원구 사천로18번길81,043-201-0937
246,지역,코로나19 충청북도 보은군 예방접종센터,,보은군보건소,28943,충청북도 보은군 보은읍 동광길 50,043-540-5726
247,지역,코로나19 충청북도 증평군 예방접종센터,,증평청소년수련관,27948,충청북도 증평군 증평읍 보건복지로 64-2,043-835-4225
248,지역,코로나19 충청북도 진천군 예방접종센터,,진천화랑관,27841,충청북도 진천군 진천읍 문화로 69-4,043-539-7328
249,지역,코로나19 충청북도 괴산군 예방접종센터,,괴산문화체육센터,28026,충청북도 괴산군 임꺽정로 99-9,043-830-2307
250,지역,코로나19 전라북도 무주군 예방접종센터,,무주예체문화관,55514,전라북도 무주군 무주읍 한풍루로 326-17,063-320-8103
251,지역,코로나19 경상북도 구미시 예방접종센터,,금오산 올림핌기념 국민생활관,39305,경상북도 구미시 산책길 63,054-480-4043
252,지역,코로나19 경상북도 군위군 예방접종센터,,군위국민체육센터 ,39013,경상북도 군위군 군위읍 군청로 158,054-380-7440
253,지역,코로나19 경상북도 영양군 예방접종센터,,영양군민회관,36540,경상북도 영양군 영양읍 군민회관길 46,054-680-5123
254,지역,코로나19 경상북도 청도군 예방접종센터,,청도국민체육센터,38333,경상북도 청도군 화양읍 청려로 1846,054-370-2646
255,지역,코로나19 경상북도 성주군 예방접종센터,,성주체육관,40030,경상북도 성주군 성주읍 성주로 3257,054-930-8273
256,지역,코로나19 경상북도 울진군 예방접종센터,,울진군민체육관,36324,경상북도 울진군 울진읍 연호로 47,054-789-5032
257,지역,코로나19 경상북도 울릉군 예방접종센터,,울릉군보건의료원,40217,경상북도 울릉군 울릉읍 울릉순환로 396-18,054-790-6832
258,지역,코로나19 서울특별시 은평구 예방접종센터,,은평다목적체육관,03311,서울특별시 은평구 진관1로 40,02-351-6187
259,지역,코로나19 서울특별시 강서구 예방접종센터,,(舊)염강초등학교 체육관,07531,서울특별시 강서구 허준로 221-22(가양동),02-2600-6119
260,지역,코로나19 서울특별시 노원구 예방접종센터,,월계문화체육센터,01884,서울특별시 노원구 월계로 298,02-2116-3084
261,지역,코로나19 전라남도 무안군 예방접종센터,,남악주민다목적생활체육관,58578,전라남도 무안군 삼향읍 남악로 327,061-450-5112
262,지역,코로나19 경기도 부천시 예방접종센터,,송내사회체육관,14726,경기도 부천시 경인로 120번길 45,032-625-4269
263,지역,코로나19 울산광역시 울주군 예방접종센터,,남부통합보건지소,44969,울산광역시 울주군 온양읍 터실1길 13,052-204-2821
264,지역,코로나19 서울특별시 영등포구 예방접종센터,,영등포제1스포츠센터,07398,서울특별시 영등포구 신풍로 1,02-2670-3314
265,지역,코로나19 서울특별시 구로구 예방접종센터,,오류문화센터,08272,서울특별시 구로구 경인로20가길 38,02-860-3304
